{
    "mae": 162.2734340370124,
    "mse": 53219.9558842402,
    "rmse": 230.6945077028064,
    "mape": 0.9936387738711435,
    "r2": 0.6812460890470611,
    "accuracy": 99.00636122612886
}